{
  "hash": "3506ce4a",
  "configHash": "a2abb99c",
  "lockfileHash": "8c0e9d53",
  "browserHash": "db700acd",
  "optimized": {
    "@angular/core": {
      "src": "../../../../../../node_modules/@angular/core/fesm2022/core.mjs",
      "file": "@angular_core.js",
      "fileHash": "05e4cac6",
      "needsInterop": false
    },
    "@angular/platform-browser": {
      "src": "../../../../../../node_modules/@angular/platform-browser/fesm2022/platform-browser.mjs",
      "file": "@angular_platform-browser.js",
      "fileHash": "d82f63f4",
      "needsInterop": false
    },
    "@angular/router": {
      "src": "../../../../../../node_modules/@angular/router/fesm2022/router.mjs",
      "file": "@angular_router.js",
      "fileHash": "2e59c629",
      "needsInterop": false
    },
    "zone.js": {
      "src": "../../../../../../node_modules/zone.js/fesm2015/zone.js",
      "file": "zone__js.js",
      "fileHash": "f8f1a0b6",
      "needsInterop": true
    }
  },
  "chunks": {
    "chunk-L66Q4TUT": {
      "file": "chunk-L66Q4TUT.js"
    },
    "chunk-5HNVVMDS": {
      "file": "chunk-5HNVVMDS.js"
    },
    "chunk-WDMUDEB6": {
      "file": "chunk-WDMUDEB6.js"
    }
  }
}